Workbook

Sheet Stakeholder Map
B2: STAKEHOLDER MAP
B3: PROJECT NAME: SISTEM INFORMASI KLINIK SEHAT BERSAMA
B6: No. | C6: Stakeholder | D6: Power | E6: Interest | F6: Kuadran
B7: 1 | C7: Pemilik Klinik | D7: 5 | E7: 4 | F7: =IF(AND(D7>=4,E7>=4),"Kelola secara dekat",IF(D7>=4,"Jaga kepuasan",IF(E7>=4,"Libatkan, komunikasi rutin","Monitor"))) -> Kelola secara dekat
B8: 2 | C8: Kepala Klinik | D8: 5 | E8: 5 | F8: =IF(AND(D8>=4,E8>=4),"Kelola secara dekat",IF(D8>=4,"Jaga kepuasan",IF(E8>=4,"Libatkan, komunikasi rutin","Monitor"))) -> Kelola secara dekat
B9: 3 | C9: Divisi IT | D9: 4 | E9: 5 | F9: =IF(AND(D9>=4,E9>=4),"Kelola secara dekat",IF(D9>=4,"Jaga kepuasan",IF(E9>=4,"Libatkan, komunikasi rutin","Monitor"))) -> Kelola secara dekat
B10: 4 | C10: Dokter | D10: 4 | E10: 5 | F10: =IF(AND(D10>=4,E10>=4),"Kelola secara dekat",IF(D10>=4,"Jaga kepuasan",IF(E10>=4,"Libatkan, komunikasi rutin","Monitor"))) -> Kelola secara dekat
B11: 5 | C11: Vendor Pengembang | D11: 4 | E11: 3 | F11: =IF(AND(D11>=4,E11>=4),"Kelola secara dekat",IF(D11>=4,"Jaga kepuasan",IF(E11>=4,"Libatkan, komunikasi rutin","Monitor"))) -> Jaga kepuasan
B12: 6 | C12: Perawat | D12: 2 | E12: 5 | F12: =IF(AND(D12>=4,E12>=4),"Kelola secara dekat",IF(D12>=4,"Jaga kepuasan",IF(E12>=4,"Libatkan, komunikasi rutin","Monitor"))) -> Libatkan, komunikasi rutin
B13: 7 | C13: Petugas Pendaftaran | D13: 2 | E13: 5 | F13: =IF(AND(D13>=4,E13>=4),"Kelola secara dekat",IF(D13>=4,"Jaga kepuasan",IF(E13>=4,"Libatkan, komunikasi rutin","Monitor"))) -> Libatkan, komunikasi rutin
B14: 8 | C14: Apoteker | D14: 3 | E14: 4 | F14: =IF(AND(D14>=4,E14>=4),"Kelola secara dekat",IF(D14>=4,"Jaga kepuasan",IF(E14>=4,"Libatkan, komunikasi rutin","Monitor"))) -> Libatkan, komunikasi rutin
B15: 9 | C15: Petugas Kasir/Keuangan | D15: 3 | E15: 4 | F15: =IF(AND(D15>=4,E15>=4),"Kelola secara dekat",IF(D15>=4,"Jaga kepuasan",IF(E15>=4,"Libatkan, komunikasi rutin","Monitor"))) -> Libatkan, komunikasi rutin
B16: 10 | C16: Pasien | D16: 2 | E16: 4 | F16: =IF(AND(D16>=4,E16>=4),"Kelola secara dekat",IF(D16>=4,"Jaga kepuasan",IF(E16>=4,"Libatkan, komunikasi rutin","Monitor"))) -> Libatkan, komunikasi rutin
C17: Chart Axis | D17: 3.5 | E17: 3.5 | F17: Batas skor tinggi/rendah
B22: No. | C22: Stakeholder | D22: Geser Y | E22: X plot | F22: Y plot
B23: =B7 -> 1 | C23: =C7 -> Pemilik Klinik | D23: 0 | E23: =E7 -> 4 | F23: =D7+D23 -> 5
B24: =B8 -> 2 | C24: =C8 -> Kepala Klinik | D24: 0 | E24: =E8 -> 5 | F24: =D8+D24 -> 5
B25: =B9 -> 3 | C25: =C9 -> Divisi IT | D25: 0.15 | E25: =E9 -> 5 | F25: =D9+D25 -> 4.15
B26: =B10 -> 4 | C26: =C10 -> Dokter | D26: -0.15 | E26: =E10 -> 5 | F26: =D10+D26 -> 3.85
B27: =B11 -> 5 | C27: =C11 -> Vendor Pengembang | D27: 0 | E27: =E11 -> 3 | F27: =D11+D27 -> 4
B28: =B12 -> 6 | C28: =C12 -> Perawat | D28: 0.15 | E28: =E12 -> 5 | F28: =D12+D28 -> 2.15
B29: =B13 -> 7 | C29: =C13 -> Petugas Pendaftaran | D29: -0.15 | E29: =E13 -> 5 | F29: =D13+D29 -> 1.85
B30: =B14 -> 8 | C30: =C14 -> Apoteker | D30: 0.15 | E30: =E14 -> 4 | F30: =D14+D30 -> 3.15
B31: =B15 -> 9 | C31: =C15 -> Petugas Kasir/Keuangan | D31: -0.15 | E31: =E15 -> 4 | F31: =D15+D31 -> 2.85
B32: =B16 -> 10 | C32: =C16 -> Pasien | D32: 0 | E32: =E16 -> 4 | F32: =D16+D32 -> 2
B35: Garis sumbu
C36: Vertikal | D36: =$E$17 -> 3.5 | E36: 0
C37: Vertikal | D37: =$E$17 -> 3.5 | E37: 6
C38: Horizontal | D38: 0 | E38: =$D$17 -> 3.5
C39: Horizontal | D39: 7 | E39: =$D$17 -> 3.5

Sheet Analisis
A1: Analisis Stakeholder (Power dan Interest terhubung ke sheet Stakeholder Map)
A2: No. | B2: Stakeholder | C2: Peran | D2: Power | E2: Interest | F2: Kuadran | G2: Analisis | H2: Strategi Komunikasi
A3: 1 | B3: ='Stakeholder Map'!C7 -> Pemilik Klinik | C3: Penyandang dana dan penentu arah bisnis | D3: ='Stakeholder Map'!D7 -> 5 | E3: ='Stakeholder Map'!E7 -> 4 | F3: ='Stakeholder Map'!F7 -> Kelola secara dekat | G3: Menentukan anggaran dan arah proyek, penentu utama keberhasilan. Hasil sistem memengaruhi bisnisnya, tetapi tidak terlibat operasional harian. | H3: Libatkan intensif dalam keputusan strategis; laporan progres dan demo per tahap.
A4: 2 | B4: ='Stakeholder Map'!C8 -> Kepala Klinik | C4: Pemimpin proyek dan pengambil keputusan operasional | D4: ='Stakeholder Map'!D8 -> 5 | E4: ='Stakeholder Map'!E8 -> 5 | F4: ='Stakeholder Map'!F8 -> Kelola secara dekat | G4: Memimpin proyek dan memutuskan prioritas. Sistem menjadi sumber informasi keputusannya. | H4: Rapat rutin mingguan; persetujuan bersama atas perubahan ruang lingkup.
A5: 3 | B5: ='Stakeholder Map'!C9 -> Divisi IT | C5: Pelaksana implementasi, keamanan, integrasi, pemeliharaan | D5: ='Stakeholder Map'!D9 -> 4 | E5: ='Stakeholder Map'!E9 -> 5 | F5: ='Stakeholder Map'!F9 -> Kelola secara dekat | G5: Menguasai implementasi dan keamanan, berpengaruh kuat. Keberhasilan sistem menjadi tanggung jawab langsungnya. | H5: Koordinasi intensif dan monitoring rutin; kawal keamanan akses data pasien.
A6: 4 | B6: ='Stakeholder Map'!C10 -> Dokter | C6: Pengguna utama pemeriksaan dan rekam medis | D6: ='Stakeholder Map'!D10 -> 4 | E6: ='Stakeholder Map'!E10 -> 5 | F6: ='Stakeholder Map'!F10 -> Kelola secara dekat | G6: Menentukan adopsi sistem di layanan medis. Pekerjaan sangat bergantung pada akses cepat riwayat pasien. | H6: Libatkan dalam penentuan kebutuhan rekam medis; uji coba dan umpan balik berkala.
A7: 5 | B7: ='Stakeholder Map'!C11 -> Vendor Pengembang | C7: Pembangun dan penyesuai sistem | D7: ='Stakeholder Map'!D11 -> 4 | E7: ='Stakeholder Map'!E11 -> 3 | F7: ='Stakeholder Map'!F11 -> Jaga kepuasan | G7: Memegang kendali teknis pembangunan. Kepentingan sedang karena terikat kontrak dan tidak memakai sistem sehari-hari. | H7: Kontrak dengan SLA dan jadwal jelas; pantau progres berkala; laporan status ringkas.
A8: 6 | B8: ='Stakeholder Map'!C12 -> Perawat | C8: Pengguna pencatatan tindakan dan kondisi pasien | D8: ='Stakeholder Map'!D12 -> 2 | E8: ='Stakeholder Map'!E12 -> 5 | F8: ='Stakeholder Map'!F12 -> Libatkan, komunikasi rutin | G8: Tidak ikut memutuskan proyek, tetapi pekerjaan pencatatan harian langsung berubah. | H8: Pelatihan sebelum go-live; kanal masukan; dukungan teknis.
A9: 7 | B9: ='Stakeholder Map'!C13 -> Petugas Pendaftaran | C9: Pengguna di tahap awal pelayanan | D9: ='Stakeholder Map'!D13 -> 2 | E9: ='Stakeholder Map'!E13 -> 5 | F9: ='Stakeholder Map'!F13 -> Libatkan, komunikasi rutin | G9: Suara terbatas dalam keputusan proyek, tetapi kecepatan kerja dan antrean langsung dipengaruhi sistem. | H9: Pelatihan; uji coba alur pendaftaran; tampung masukan.
A10: 8 | B10: ='Stakeholder Map'!C14 -> Apoteker | C10: Pengguna resep dan pengelolaan obat | D10: ='Stakeholder Map'!D14 -> 3 | E10: ='Stakeholder Map'!E14 -> 4 | F10: ='Stakeholder Map'!F14 -> Libatkan, komunikasi rutin | G10: Dapat memengaruhi desain modul resep dan stok, bukan penentu proyek. Akurasi resep dan stok penting bagi pekerjaannya. | H10: Uji coba modul resep dan stok bersama apoteker; komunikasi rutin.
A11: 9 | B11: ='Stakeholder Map'!C15 -> Petugas Kasir/Keuangan | C11: Pengguna pembayaran dan laporan transaksi | D11: ='Stakeholder Map'!D15 -> 3 | E11: ='Stakeholder Map'!E15 -> 4 | F11: ='Stakeholder Map'!F15 -> Libatkan, komunikasi rutin | G11: Dapat memengaruhi aturan pembayaran dan format laporan, bukan penentu proyek. Akurasi transaksi menyangkut pekerjaannya. | H11: Uji coba modul pembayaran; pelatihan; komunikasi rutin.
A12: 10 | B12: ='Stakeholder Map'!C16 -> Pasien | C12: Penerima layanan | D12: ='Stakeholder Map'!D16 -> 2 | E12: ='Stakeholder Map'!E16 -> 4 | F12: ='Stakeholder Map'!F16 -> Libatkan, komunikasi rutin | G12: Tidak ikut memutuskan proyek, tetapi pengalaman layanan dan keakuratan informasi bergantung pada sistem. | H12: Informasi perubahan layanan; kanal umpan balik pasien.
